{
  "name": "Light Defi Default List",
  "timestamp": "2021-03-17T09:56:23Z",
  "version": {
    "major": 2,
    "minor": 7,
    "patch": 0
  },
  "tags": {},
  "logoURI": "https://exchange.pancakeswap.finance/images/pancakeswap.png",
  "keywords": ["pancake", "default"],
  "tokens": [
    {
      "name": "WBNB Token",
      "symbol": "WBNB",
      "address": "0xbb4cdb9cbd36b01bd1cbaebf2de08d9173bc095c",
      "chainId": 56,
      "decimals": 18,
      "logoURI": "https://exchange.pancakeswap.finance/images/coins/0xbb4cdb9cbd36b01bd1cbaebf2de08d9173bc095c.png"

    },
    {
      "name": "Light Defi",
      "symbol": "LIGHT",
      "address": "0x842668E2B9A73240aBF6532DEdC89c9c3e050C98",
      "chainId": 97,
      "decimals": 9,
      "logoURI": "https://static.coinpaprika.com/coin/light-light-defi/logo.png"
    },
    {
      "name": "Light Defi",
      "symbol": "LIGHT",
      "address": "0x842668E2B9A73240aBF6532DEdC89c9c3e050C98",
      "chainId": 56,
      "decimals": 9,
      "logoURI": "https://static.coinpaprika.com/coin/light-light-defi/logo.png"
    },
    {
      "name": "LightDefi LPs",
      "symbol": "LIGHT-LP",
      "address": "0x6785444f1ebfeFe8173537367c6C368258232508",
      "chainId": 56,
      "decimals": 18,
      "logoURI": "https://static.coinpaprika.com/coin/light-light-defi/logo.png"
    }
  ]
}
